Workbook
Name Travelers: People!$A$10:$A$21

Sheet People
A1: Trip Expense Splitter
A2: A free, no-signup alternative to Splitwise. Enter each trip expense once,
A3: mark who paid and who shares it, and the sheets compute who owes whom.
A5: HOW TO USE (5 steps):
A6: 1. Type the traveler names below (up to 12). The other sheets update automatically.
A7: 2. On the Expenses sheet, add one row per expense: date, description, who paid,
A8: amount, then put TRUE in each traveler's column who shares that expense.
A9: Traveler name (edit me)
A10: Person 1
A11: Person 2
A12: Person 3
A13: Person 4
... A21: Person 12

Sheet Expenses
A1: Date | B1: Description | C1: Paid By | D1: Amount | E1: =People!$A$10 | F1: =People!$A$11 | G1: =People!$A$12 | H1: =People!$A$13 | I1: =People!$A$14 | J1: =People!$A$15 | K1: =People!$A$16 | L1: =People!$A$17 | M1: =People!$A$18 | N1: =People!$A$19 | O1: =People!$A$20 | P1: =People!$A$21 | Q1: Share Each
Q2: =IFERROR(D2/COUNTIF(E2:P2,TRUE),0)
Q3: =IFERROR(D3/COUNTIF(E3:P3,TRUE),0)
Q4: =IFERROR(D4/COUNTIF(E4:P4,TRUE),0)
Q5: =IFERROR(D5/COUNTIF(E5:P5,TRUE),0)
Q6: =IFERROR(D6/COUNTIF(E6:P6,TRUE),0)
Q7: =IFERROR(D7/COUNTIF(E7:P7,TRUE),0)
Q8: =IFERROR(D8/COUNTIF(E8:P8,TRUE),0)
Q9: =IFERROR(D9/COUNTIF(E9:P9,TRUE),0)
Q10: =IFERROR(D10/COUNTIF(E10:P10,TRUE),0)
Q11: =IFERROR(D11/COUNTIF(E11:P11,TRUE),0)
Q12: =IFERROR(D12/COUNTIF(E12:P12,TRUE),0)
Q13: =IFERROR(D13/COUNTIF(E13:P13,TRUE),0)
... Q101: =IFERROR(D101/COUNTIF(E101:P101,TRUE),0)

Sheet Balances
A1: Person | B1: Total Paid | C1: Total Share Owed | D1: Net (Paid − Owed)
A2: =People!$A$10 | B2: =SUMIF(Expenses!$C$2:$C$101,$A2,Expenses!$D$2:$D$101) | C2: =SUMIF(Expenses!$E$2:$E$101,TRUE,Expenses!$Q$2:$Q$101) | D2: =B2-C2
A3: =People!$A$11 | B3: =SUMIF(Expenses!$C$2:$C$101,$A3,Expenses!$D$2:$D$101) | C3: =SUMIF(Expenses!$F$2:$F$101,TRUE,Expenses!$Q$2:$Q$101) | D3: =B3-C3
A4: =People!$A$12 | B4: =SUMIF(Expenses!$C$2:$C$101,$A4,Expenses!$D$2:$D$101) | C4: =SUMIF(Expenses!$G$2:$G$101,TRUE,Expenses!$Q$2:$Q$101) | D4: =B4-C4
A5: =People!$A$13 | B5: =SUMIF(Expenses!$C$2:$C$101,$A5,Expenses!$D$2:$D$101) | C5: =SUMIF(Expenses!$H$2:$H$101,TRUE,Expenses!$Q$2:$Q$101) | D5: =B5-C5
A6: =People!$A$14 | B6: =SUMIF(Expenses!$C$2:$C$101,$A6,Expenses!$D$2:$D$101) | C6: =SUMIF(Expenses!$I$2:$I$101,TRUE,Expenses!$Q$2:$Q$101) | D6: =B6-C6
A7: =People!$A$15 | B7: =SUMIF(Expenses!$C$2:$C$101,$A7,Expenses!$D$2:$D$101) | C7: =SUMIF(Expenses!$J$2:$J$101,TRUE,Expenses!$Q$2:$Q$101) | D7: =B7-C7
A8: =People!$A$16 | B8: =SUMIF(Expenses!$C$2:$C$101,$A8,Expenses!$D$2:$D$101) | C8: =SUMIF(Expenses!$K$2:$K$101,TRUE,Expenses!$Q$2:$Q$101) | D8: =B8-C8
A9: =People!$A$17 | B9: =SUMIF(Expenses!$C$2:$C$101,$A9,Expenses!$D$2:$D$101) | C9: =SUMIF(Expenses!$L$2:$L$101,TRUE,Expenses!$Q$2:$Q$101) | D9: =B9-C9
A10: =People!$A$18 | B10: =SUMIF(Expenses!$C$2:$C$101,$A10,Expenses!$D$2:$D$101) | C10: =SUMIF(Expenses!$M$2:$M$101,TRUE,Expenses!$Q$2:$Q$101) | D10: =B10-C10
A11: =People!$A$19 | B11: =SUMIF(Expenses!$C$2:$C$101,$A11,Expenses!$D$2:$D$101) | C11: =SUMIF(Expenses!$N$2:$N$101,TRUE,Expenses!$Q$2:$Q$101) | D11: =B11-C11
A12: =People!$A$20 | B12: =SUMIF(Expenses!$C$2:$C$101,$A12,Expenses!$D$2:$D$101) | C12: =SUMIF(Expenses!$O$2:$O$101,TRUE,Expenses!$Q$2:$Q$101) | D12: =B12-C12
A13: =People!$A$21 | B13: =SUMIF(Expenses!$C$2:$C$101,$A13,Expenses!$D$2:$D$101) | C13: =SUMIF(Expenses!$P$2:$P$101,TRUE,Expenses!$Q$2:$Q$101) | D13: =B13-C13
A15: CHECK (Net must sum to 0) | D15: =SUM(D2:D13)

Sheet Settle Up
A1: Who pays whom (fewest transfers)
A2: Greedy settlement: each step matches the person who owes the most with the person who is owed the most. Clearing one person per step means at most 11 transfers for 12 travelers.
A4: Step | B4: From (pays) | C4: To (receives) | D4: Amount | F4: Person | G4: Net balance | H4: After step 1 | I4: After step 2 | J4: After step 3 | K4: After step 4 | L4: After step 5 | M4: After step 6 | N4: After step 7 | O4: After step 8 | P4: After step 9 | Q4: After step 10 | R4: After step 11
A5: 1 | B5: =IF($D$5>0.005,INDEX($F$5:$F$16,MATCH(MIN($G$5:$G$16),$G$5:$G$16,0)),"") | C5: =IF($D$5>0.005,INDEX($F$5:$F$16,MATCH(MAX($G$5:$G$16),$G$5:$G$16,0)),"") | D5: =IF(AND(MIN($G$5:$G$16)<-0.005,MAX($G$5:$G$16)>0.005),MIN(-MIN($G$5:$G$16),MAX($G$5:$G$16)),0) | F5: =Balances!$A$2 | G5: =ROUND(Balances!$D$2,2) | H5: =ROUND($G$5+IF($B$5=$F$5,$D$5,0)-IF($C$5=$F$5,$D$5,0),2) | I5: =ROUND($H$5+IF($B$6=$F$5,$D$6,0)-IF($C$6=$F$5,$D$6,0),2) | J5: =ROUND($I$5+IF($B$7=$F$5,$D$7,0)-IF($C$7=$F$5,$D$7,0),2) | K5: =ROUND($J$5+IF($B$8=$F$5,$D$8,0)-IF($C$8=$F$5,$D$8,0),2) | L5: =ROUND($K$5+IF($B$9=$F$5,$D$9,0)-IF($C$9=$F$5,$D$9,0),2) | M5: =ROUND($L$5+IF($B$10=$F$5,$D$10,0)-IF($C$10=$F$5,$D$10,0),2) | N5: =ROUND($M$5+IF($B$11=$F$5,$D$11,0)-IF($C$11=$F$5,$D$11,0),2) | O5: =ROUND($N$5+IF($B$12=$F$5,$D$12,0)-IF($C$12=$F$5,$D$12,0),2) | P5: =ROUND($O$5+IF($B$13=$F$5,$D$13,0)-IF($C$13=$F$5,$D$13,0),2) | Q5: =ROUND($P$5+IF($B$14=$F$5,$D$14,0)-IF($C$14=$F$5,$D$14,0),2) | R5: =ROUND($Q$5+IF($B$15=$F$5,$D$15,0)-IF($C$15=$F$5,$D$15,0),2)
A6: 2 | B6: =IF($D$6>0.005,INDEX($F$5:$F$16,MATCH(MIN($H$5:$H$16),$H$5:$H$16,0)),"") | C6: =IF($D$6>0.005,INDEX($F$5:$F$16,MATCH(MAX($H$5:$H$16),$H$5:$H$16,0)),"") | D6: =IF(AND(MIN($H$5:$H$16)<-0.005,MAX($H$5:$H$16)>0.005),MIN(-MIN($H$5:$H$16),MAX($H$5:$H$16)),0) | F6: =Balances!$A$3 | G6: =ROUND(Balances!$D$3,2) | H6: =ROUND($G$6+IF($B$5=$F$6,$D$5,0)-IF($C$5=$F$6,$D$5,0),2) | I6: =ROUND($H$6+IF($B$6=$F$6,$D$6,0)-IF($C$6=$F$6,$D$6,0),2) | J6: =ROUND($I$6+IF($B$7=$F$6,$D$7,0)-IF($C$7=$F$6,$D$7,0),2) | K6: =ROUND($J$6+IF($B$8=$F$6,$D$8,0)-IF($C$8=$F$6,$D$8,0),2) | L6: =ROUND($K$6+IF($B$9=$F$6,$D$9,0)-IF($C$9=$F$6,$D$9,0),2) | M6: =ROUND($L$6+IF($B$10=$F$6,$D$10,0)-IF($C$10=$F$6,$D$10,0),2) | N6: =ROUND($M$6+IF($B$11=$F$6,$D$11,0)-IF($C$11=$F$6,$D$11,0),2) | O6: =ROUND($N$6+IF($B$12=$F$6,$D$12,0)-IF($C$12=$F$6,$D$12,0),2) | P6: =ROUND($O$6+IF($B$13=$F$6,$D$13,0)-IF($C$13=$F$6,$D$13,0),2) | Q6: =ROUND($P$6+IF($B$14=$F$6,$D$14,0)-IF($C$14=$F$6,$D$14,0),2) | R6: =ROUND($Q$6+IF($B$15=$F$6,$D$15,0)-IF($C$15=$F$6,$D$15,0),2)
A7: 3 | B7: =IF($D$7>0.005,INDEX($F$5:$F$16,MATCH(MIN($I$5:$I$16),$I$5:$I$16,0)),"") | C7: =IF($D$7>0.005,INDEX($F$5:$F$16,MATCH(MAX($I$5:$I$16),$I$5:$I$16,0)),"") | D7: =IF(AND(MIN($I$5:$I$16)<-0.005,MAX($I$5:$I$16)>0.005),MIN(-MIN($I$5:$I$16),MAX($I$5:$I$16)),0) | F7: =Balances!$A$4 | G7: =ROUND(Balances!$D$4,2) | H7: =ROUND($G$7+IF($B$5=$F$7,$D$5,0)-IF($C$5=$F$7,$D$5,0),2) | I7: =ROUND($H$7+IF($B$6=$F$7,$D$6,0)-IF($C$6=$F$7,$D$6,0),2) | J7: =ROUND($I$7+IF($B$7=$F$7,$D$7,0)-IF($C$7=$F$7,$D$7,0),2) | K7: =ROUND($J$7+IF($B$8=$F$7,$D$8,0)-IF($C$8=$F$7,$D$8,0),2) | L7: =ROUND($K$7+IF($B$9=$F$7,$D$9,0)-IF($C$9=$F$7,$D$9,0),2) | M7: =ROUND($L$7+IF($B$10=$F$7,$D$10,0)-IF($C$10=$F$7,$D$10,0),2) | N7: =ROUND($M$7+IF($B$11=$F$7,$D$11,0)-IF($C$11=$F$7,$D$11,0),2) | O7: =ROUND($N$7+IF($B$12=$F$7,$D$12,0)-IF($C$12=$F$7,$D$12,0),2) | P7: =ROUND($O$7+IF($B$13=$F$7,$D$13,0)-IF($C$13=$F$7,$D$13,0),2) | Q7: =ROUND($P$7+IF($B$14=$F$7,$D$14,0)-IF($C$14=$F$7,$D$14,0),2) | R7: =ROUND($Q$7+IF($B$15=$F$7,$D$15,0)-IF($C$15=$F$7,$D$15,0),2)
A8: 4 | B8: =IF($D$8>0.005,INDEX($F$5:$F$16,MATCH(MIN($J$5:$J$16),$J$5:$J$16,0)),"") | C8: =IF($D$8>0.005,INDEX($F$5:$F$16,MATCH(MAX($J$5:$J$16),$J$5:$J$16,0)),"") | D8: =IF(AND(MIN($J$5:$J$16)<-0.005,MAX($J$5:$J$16)>0.005),MIN(-MIN($J$5:$J$16),MAX($J$5:$J$16)),0) | F8: =Balances!$A$5 | G8: =ROUND(Balances!$D$5,2) | H8: =ROUND($G$8+IF($B$5=$F$8,$D$5,0)-IF($C$5=$F$8,$D$5,0),2) | I8: =ROUND($H$8+IF($B$6=$F$8,$D$6,0)-IF($C$6=$F$8,$D$6,0),2) | J8: =ROUND($I$8+IF($B$7=$F$8,$D$7,0)-IF($C$7=$F$8,$D$7,0),2) | K8: =ROUND($J$8+IF($B$8=$F$8,$D$8,0)-IF($C$8=$F$8,$D$8,0),2) | L8: =ROUND($K$8+IF($B$9=$F$8,$D$9,0)-IF($C$9=$F$8,$D$9,0),2) | M8: =ROUND($L$8+IF($B$10=$F$8,$D$10,0)-IF($C$10=$F$8,$D$10,0),2) | N8: =ROUND($M$8+IF($B$11=$F$8,$D$11,0)-IF($C$11=$F$8,$D$11,0),2) | O8: =ROUND($N$8+IF($B$12=$F$8,$D$12,0)-IF($C$12=$F$8,$D$12,0),2) | P8: =ROUND($O$8+IF($B$13=$F$8,$D$13,0)-IF($C$13=$F$8,$D$13,0),2) | Q8: =ROUND($P$8+IF($B$14=$F$8,$D$14,0)-IF($C$14=$F$8,$D$14,0),2) | R8: =ROUND($Q$8+IF($B$15=$F$8,$D$15,0)-IF($C$15=$F$8,$D$15,0),2)
A9: 5 | B9: =IF($D$9>0.005,INDEX($F$5:$F$16,MATCH(MIN($K$5:$K$16),$K$5:$K$16,0)),"") | C9: =IF($D$9>0.005,INDEX($F$5:$F$16,MATCH(MAX($K$5:$K$16),$K$5:$K$16,0)),"") | D9: =IF(AND(MIN($K$5:$K$16)<-0.005,MAX($K$5:$K$16)>0.005),MIN(-MIN($K$5:$K$16),MAX($K$5:$K$16)),0) | F9: =Balances!$A$6 | G9: =ROUND(Balances!$D$6,2) | H9: =ROUND($G$9+IF($B$5=$F$9,$D$5,0)-IF($C$5=$F$9,$D$5,0),2) | I9: =ROUND($H$9+IF($B$6=$F$9,$D$6,0)-IF($C$6=$F$9,$D$6,0),2) | J9: =ROUND($I$9+IF($B$7=$F$9,$D$7,0)-IF($C$7=$F$9,$D$7,0),2) | K9: =ROUND($J$9+IF($B$8=$F$9,$D$8,0)-IF($C$8=$F$9,$D$8,0),2) | L9: =ROUND($K$9+IF($B$9=$F$9,$D$9,0)-IF($C$9=$F$9,$D$9,0),2) | M9: =ROUND($L$9+IF($B$10=$F$9,$D$10,0)-IF($C$10=$F$9,$D$10,0),2) | N9: =ROUND($M$9+IF($B$11=$F$9,$D$11,0)-IF($C$11=$F$9,$D$11,0),2) | O9: =ROUND($N$9+IF($B$12=$F$9,$D$12,0)-IF($C$12=$F$9,$D$12,0),2) | P9: =ROUND($O$9+IF($B$13=$F$9,$D$13,0)-IF($C$13=$F$9,$D$13,0),2) | Q9: =ROUND($P$9+IF($B$14=$F$9,$D$14,0)-IF($C$14=$F$9,$D$14,0),2) | R9: =ROUND($Q$9+IF($B$15=$F$9,$D$15,0)-IF($C$15=$F$9,$D$15,0),2)
A10: 6 | B10: =IF($D$10>0.005,INDEX($F$5:$F$16,MATCH(MIN($L$5:$L$16),$L$5:$L$16,0)),"") | C10: =IF($D$10>0.005,INDEX($F$5:$F$16,MATCH(MAX($L$5:$L$16),$L$5:$L$16,0)),"") | D10: =IF(AND(MIN($L$5:$L$16)<-0.005,MAX($L$5:$L$16)>0.005),MIN(-MIN($L$5:$L$16),MAX($L$5:$L$16)),0) | F10: =Balances!$A$7 | G10: =ROUND(Balances!$D$7,2) | H10: =ROUND($G$10+IF($B$5=$F$10,$D$5,0)-IF($C$5=$F$10,$D$5,0),2) | I10: =ROUND($H$10+IF($B$6=$F$10,$D$6,0)-IF($C$6=$F$10,$D$6,0),2) | J10: =ROUND($I$10+IF($B$7=$F$10,$D$7,0)-IF($C$7=$F$10,$D$7,0),2) | K10: =ROUND($J$10+IF($B$8=$F$10,$D$8,0)-IF($C$8=$F$10,$D$8,0),2) | L10: =ROUND($K$10+IF($B$9=$F$10,$D$9,0)-IF($C$9=$F$10,$D$9,0),2) | M10: =ROUND($L$10+IF($B$10=$F$10,$D$10,0)-IF($C$10=$F$10,$D$10,0),2) | N10: =ROUND($M$10+IF($B$11=$F$10,$D$11,0)-IF($C$11=$F$10,$D$11,0),2) | O10: =ROUND($N$10+IF($B$12=$F$10,$D$12,0)-IF($C$12=$F$10,$D$12,0),2) | P10: =ROUND($O$10+IF($B$13=$F$10,$D$13,0)-IF($C$13=$F$10,$D$13,0),2) | Q10: =ROUND($P$10+IF($B$14=$F$10,$D$14,0)-IF($C$14=$F$10,$D$14,0),2) | R10: =ROUND($Q$10+IF($B$15=$F$10,$D$15,0)-IF($C$15=$F$10,$D$15,0),2)
A11: 7 | B11: =IF($D$11>0.005,INDEX($F$5:$F$16,MATCH(MIN($M$5:$M$16),$M$5:$M$16,0)),"") | C11: =IF($D$11>0.005,INDEX($F$5:$F$16,MATCH(MAX($M$5:$M$16),$M$5:$M$16,0)),"") | D11: =IF(AND(MIN($M$5:$M$16)<-0.005,MAX($M$5:$M$16)>0.005),MIN(-MIN($M$5:$M$16),MAX($M$5:$M$16)),0) | F11: =Balances!$A$8 | G11: =ROUND(Balances!$D$8,2) | H11: =ROUND($G$11+IF($B$5=$F$11,$D$5,0)-IF($C$5=$F$11,$D$5,0),2) | I11: =ROUND($H$11+IF($B$6=$F$11,$D$6,0)-IF($C$6=$F$11,$D$6,0),2) | J11: =ROUND($I$11+IF($B$7=$F$11,$D$7,0)-IF($C$7=$F$11,$D$7,0),2) | K11: =ROUND($J$11+IF($B$8=$F$11,$D$8,0)-IF($C$8=$F$11,$D$8,0),2) | L11: =ROUND($K$11+IF($B$9=$F$11,$D$9,0)-IF($C$9=$F$11,$D$9,0),2) | M11: =ROUND($L$11+IF($B$10=$F$11,$D$10,0)-IF($C$10=$F$11,$D$10,0),2) | N11: =ROUND($M$11+IF($B$11=$F$11,$D$11,0)-IF($C$11=$F$11,$D$11,0),2) | O11: =ROUND($N$11+IF($B$12=$F$11,$D$12,0)-IF($C$12=$F$11,$D$12,0),2) | P11: =ROUND($O$11+IF($B$13=$F$11,$D$13,0)-IF($C$13=$F$11,$D$13,0),2) | Q11: =ROUND($P$11+IF($B$14=$F$11,$D$14,0)-IF($C$14=$F$11,$D$14,0),2) | R11: =ROUND($Q$11+IF($B$15=$F$11,$D$15,0)-IF($C$15=$F$11,$D$15,0),2)
A12: 8 | B12: =IF($D$12>0.005,INDEX($F$5:$F$16,MATCH(MIN($N$5:$N$16),$N$5:$N$16,0)),"") | C12: =IF($D$12>0.005,INDEX($F$5:$F$16,MATCH(MAX($N$5:$N$16),$N$5:$N$16,0)),"") | D12: =IF(AND(MIN($N$5:$N$16)<-0.005,MAX($N$5:$N$16)>0.005),MIN(-MIN($N$5:$N$16),MAX($N$5:$N$16)),0) | F12: =Balances!$A$9 | G12: =ROUND(Balances!$D$9,2) | H12: =ROUND($G$12+IF($B$5=$F$12,$D$5,0)-IF($C$5=$F$12,$D$5,0),2) | I12: =ROUND($H$12+IF($B$6=$F$12,$D$6,0)-IF($C$6=$F$12,$D$6,0),2) | J12: =ROUND($I$12+IF($B$7=$F$12,$D$7,0)-IF($C$7=$F$12,$D$7,0),2) | K12: =ROUND($J$12+IF($B$8=$F$12,$D$8,0)-IF($C$8=$F$12,$D$8,0),2) | L12: =ROUND($K$12+IF($B$9=$F$12,$D$9,0)-IF($C$9=$F$12,$D$9,0),2) | M12: =ROUND($L$12+IF($B$10=$F$12,$D$10,0)-IF($C$10=$F$12,$D$10,0),2) | N12: =ROUND($M$12+IF($B$11=$F$12,$D$11,0)-IF($C$11=$F$12,$D$11,0),2) | O12: =ROUND($N$12+IF($B$12=$F$12,$D$12,0)-IF($C$12=$F$12,$D$12,0),2) | P12: =ROUND($O$12+IF($B$13=$F$12,$D$13,0)-IF($C$13=$F$12,$D$13,0),2) | Q12: =ROUND($P$12+IF($B$14=$F$12,$D$14,0)-IF($C$14=$F$12,$D$14,0),2) | R12: =ROUND($Q$12+IF($B$15=$F$12,$D$15,0)-IF($C$15=$F$12,$D$15,0),2)
A13: 9 | B13: =IF($D$13>0.005,INDEX($F$5:$F$16,MATCH(MIN($O$5:$O$16),$O$5:$O$16,0)),"") | C13: =IF($D$13>0.005,INDEX($F$5:$F$16,MATCH(MAX($O$5:$O$16),$O$5:$O$16,0)),"") | D13: =IF(AND(MIN($O$5:$O$16)<-0.005,MAX($O$5:$O$16)>0.005),MIN(-MIN($O$5:$O$16),MAX($O$5:$O$16)),0) | F13: =Balances!$A$10 | G13: =ROUND(Balances!$D$10,2) | H13: =ROUND($G$13+IF($B$5=$F$13,$D$5,0)-IF($C$5=$F$13,$D$5,0),2) | I13: =ROUND($H$13+IF($B$6=$F$13,$D$6,0)-IF($C$6=$F$13,$D$6,0),2) | J13: =ROUND($I$13+IF($B$7=$F$13,$D$7,0)-IF($C$7=$F$13,$D$7,0),2) | K13: =ROUND($J$13+IF($B$8=$F$13,$D$8,0)-IF($C$8=$F$13,$D$8,0),2) | L13: =ROUND($K$13+IF($B$9=$F$13,$D$9,0)-IF($C$9=$F$13,$D$9,0),2) | M13: =ROUND($L$13+IF($B$10=$F$13,$D$10,0)-IF($C$10=$F$13,$D$10,0),2) | N13: =ROUND($M$13+IF($B$11=$F$13,$D$11,0)-IF($C$11=$F$13,$D$11,0),2) | O13: =ROUND($N$13+IF($B$12=$F$13,$D$12,0)-IF($C$12=$F$13,$D$12,0),2) | P13: =ROUND($O$13+IF($B$13=$F$13,$D$13,0)-IF($C$13=$F$13,$D$13,0),2) | Q13: =ROUND($P$13+IF($B$14=$F$13,$D$14,0)-IF($C$14=$F$13,$D$14,0),2) | R13: =ROUND($Q$13+IF($B$15=$F$13,$D$15,0)-IF($C$15=$F$13,$D$15,0),2)
A14: 10 | B14: =IF($D$14>0.005,INDEX($F$5:$F$16,MATCH(MIN($P$5:$P$16),$P$5:$P$16,0)),"") | C14: =IF($D$14>0.005,INDEX($F$5:$F$16,MATCH(MAX($P$5:$P$16),$P$5:$P$16,0)),"") | D14: =IF(AND(MIN($P$5:$P$16)<-0.005,MAX($P$5:$P$16)>0.005),MIN(-MIN($P$5:$P$16),MAX($P$5:$P$16)),0) | F14: =Balances!$A$11 | G14: =ROUND(Balances!$D$11,2) | H14: =ROUND($G$14+IF($B$5=$F$14,$D$5,0)-IF($C$5=$F$14,$D$5,0),2) | I14: =ROUND($H$14+IF($B$6=$F$14,$D$6,0)-IF($C$6=$F$14,$D$6,0),2) | J14: =ROUND($I$14+IF($B$7=$F$14,$D$7,0)-IF($C$7=$F$14,$D$7,0),2) | K14: =ROUND($J$14+IF($B$8=$F$14,$D$8,0)-IF($C$8=$F$14,$D$8,0),2) | L14: =ROUND($K$14+IF($B$9=$F$14,$D$9,0)-IF($C$9=$F$14,$D$9,0),2) | M14: =ROUND($L$14+IF($B$10=$F$14,$D$10,0)-IF($C$10=$F$14,$D$10,0),2) | N14: =ROUND($M$14+IF($B$11=$F$14,$D$11,0)-IF($C$11=$F$14,$D$11,0),2) | O14: =ROUND($N$14+IF($B$12=$F$14,$D$12,0)-IF($C$12=$F$14,$D$12,0),2) | P14: =ROUND($O$14+IF($B$13=$F$14,$D$13,0)-IF($C$13=$F$14,$D$13,0),2) | Q14: =ROUND($P$14+IF($B$14=$F$14,$D$14,0)-IF($C$14=$F$14,$D$14,0),2) | R14: =ROUND($Q$14+IF($B$15=$F$14,$D$15,0)-IF($C$15=$F$14,$D$15,0),2)
A15: 11 | B15: =IF($D$15>0.005,INDEX($F$5:$F$16,MATCH(MIN($Q$5:$Q$16),$Q$5:$Q$16,0)),"") | C15: =IF($D$15>0.005,INDEX($F$5:$F$16,MATCH(MAX($Q$5:$Q$16),$Q$5:$Q$16,0)),"") | D15: =IF(AND(MIN($Q$5:$Q$16)<-0.005,MAX($Q$5:$Q$16)>0.005),MIN(-MIN($Q$5:$Q$16),MAX($Q$5:$Q$16)),0) | F15: =Balances!$A$12 | G15: =ROUND(Balances!$D$12,2) | H15: =ROUND($G$15+IF($B$5=$F$15,$D$5,0)-IF($C$5=$F$15,$D$5,0),2) | I15: =ROUND($H$15+IF($B$6=$F$15,$D$6,0)-IF($C$6=$F$15,$D$6,0),2) | J15: =ROUND($I$15+IF($B$7=$F$15,$D$7,0)-IF($C$7=$F$15,$D$7,0),2) | K15: =ROUND($J$15+IF($B$8=$F$15,$D$8,0)-IF($C$8=$F$15,$D$8,0),2) | L15: =ROUND($K$15+IF($B$9=$F$15,$D$9,0)-IF($C$9=$F$15,$D$9,0),2) | M15: =ROUND($L$15+IF($B$10=$F$15,$D$10,0)-IF($C$10=$F$15,$D$10,0),2) | N15: =ROUND($M$15+IF($B$11=$F$15,$D$11,0)-IF($C$11=$F$15,$D$11,0),2) | O15: =ROUND($N$15+IF($B$12=$F$15,$D$12,0)-IF($C$12=$F$15,$D$12,0),2) | P15: =ROUND($O$15+IF($B$13=$F$15,$D$13,0)-IF($C$13=$F$15,$D$13,0),2) | Q15: =ROUND($P$15+IF($B$14=$F$15,$D$14,0)-IF($C$14=$F$15,$D$14,0),2) | R15: =ROUND($Q$15+IF($B$15=$F$15,$D$15,0)-IF($C$15=$F$15,$D$15,0),2)
F16: =Balances!$A$13 | G16: =ROUND(Balances!$D$13,2) | H16: =ROUND($G$16+IF($B$5=$F$16,$D$5,0)-IF($C$5=$F$16,$D$5,0),2) | I16: =ROUND($H$16+IF($B$6=$F$16,$D$6,0)-IF($C$6=$F$16,$D$6,0),2) | J16: =ROUND($I$16+IF($B$7=$F$16,$D$7,0)-IF($C$7=$F$16,$D$7,0),2) | K16: =ROUND($J$16+IF($B$8=$F$16,$D$8,0)-IF($C$8=$F$16,$D$8,0),2) | L16: =ROUND($K$16+IF($B$9=$F$16,$D$9,0)-IF($C$9=$F$16,$D$9,0),2) | M16: =ROUND($L$16+IF($B$10=$F$16,$D$10,0)-IF($C$10=$F$16,$D$10,0),2) | N16: =ROUND($M$16+IF($B$11=$F$16,$D$11,0)-IF($C$11=$F$16,$D$11,0),2) | O16: =ROUND($N$16+IF($B$12=$F$16,$D$12,0)-IF($C$12=$F$16,$D$12,0),2) | P16: =ROUND($O$16+IF($B$13=$F$16,$D$13,0)-IF($C$13=$F$16,$D$13,0),2) | Q16: =ROUND($P$16+IF($B$14=$F$16,$D$14,0)-IF($C$14=$F$16,$D$14,0),2) | R16: =ROUND($Q$16+IF($B$15=$F$16,$D$15,0)-IF($C$15=$F$16,$D$15,0),2)
A18: Remaining unsettled (must be 0): | D18: =SUMPRODUCT(ABS($R$5:$R$16))
